,The Phoenix Insurance ,(214) 253-0570,,"11615 Forest Central Dr Dallas, TX 75243"
,Lakewood Insurance,214-828-0141,,"1903 Skillman St Dallas, TX 75206"
,provision Brokerage,972-266-8489,,"8144 Walnut Hill Ln Dallas, TX 75231"
,princeton Insurance,469-916-9595,,"1304 Adair St. Dallas, Tx 75204"
A player,Roach Howard Smith & Barton,972-231-1300,,8750 N. Central Expy
Association,Independent Insurance Agents of Dallas,214-217-2900,,12001 N Centra Expy #100 Dallas Tx 75243
,Frederikson & Frederikson Insurance,972-387-8646,,"12900 Preston Rd Dallas, Tx 75230"
,Uptown Dallas Insurance,214-871-3145,,"5646 Milton St. Dallas, Tx 75206"
,Porter-Brandenburg Agency Inc.,972-234-5588,,"12160 Abrams Rd. Dallas, Tx 75243"
,Borden Hamman Agency Inc.,214-349-4911,,"9868 Plano Rd. Dallas, Tx 75238"
Fernando,Cerra Insurance Agency,214-309-9722,,"2301 S Buckner Blvd. Dallas, Tx 75217"
,Champion Commercial Insurance,214-265-9020,,"3025 Commerce St. Dallas, Tx 75225"
,Alliance Insurance Agency ,972-964-1824,,"5940 W. Parker Rd. Plano, Tx 75093"
,Allegiance Insurance Agency,972-424-0700,,"3200 E 14th St Plano, TX 75074"
,Insurance Source of Dallas,(972) 907-1100 ,,"888 S Greenville Ave Richardson, TX 75081"
,Simple Insurance Choice,(469) 644-5251,,"1918 Cooper Dr Irving, TX 75061"
Mark Solomon,Assurnet Insurance Agency,214-739-5610,,"833 E Arapaho Rd Suite 107 Richardson, TX 75081"
,Sawyer Insurance Agency,972-231-2222,,"1202 Richardson Dr. Richardson, Tx 75080"
Eric,Kouser Insurance Agency,972-235-1800,,"1350 E Arapaho Rd. Richardson, TX 75081"
Scott,Rising Star Insurance Group,(972) 437-1711,,"508 Twilight Trl #201  Richardson, TX 75080"
,Montgomery Insurance Agency,608-213-2217,,"1320 Greenway Dr. Irving, TX 75038"
,Jeff Martin Insurance Agency,(972) 437-2401 ,,"800 E Campbell Rd Richardson, TX 75081"
Paul,Marinoni Insurance ,(972) 665-9974 ,,"1220 Coit Rd. Plano, Tx 75075"
,Mullen Insurance,972-681-6297,,"337 Oaks Trl #200 Garland, Tx 75043"
,Encore Insurance Agency,(972) 769-8888  ,,"2301 Ohio Dr. Ste 265 Plano, Tx 75093"
,TWFG Insurance Services,(972) 393-3000,,215 S Denton Tap Rd Ste 200 Coppell Tx 75019
,Wallace Insurance Agency,972-283-2555,,"430 N Main St. Duncanville, Tx 75116"
,Sam Allen Insurance Agency,972-254-2541,,"1001 Hill St. Grand Praire, Tx 75050"
,yuan Insurance & Financial Services,972-881-9988,,"101 e park blvd #1001 Plano, Tx 75074"
,The Select Insurance Agency ,972-315-7299,,"500 S. Denton Tap Rd, ste 107 Coppell"
,Matt Lohoefer Insurance,972-964-0113,,"5805 Coit Rd Plano,TX 75093"
,DFW Insurance Services ,972-781-1115,,"5601 Democracy Dr. Plano, TX 75024"
,Chapman-Cornelius Insurance Services,817-265-3346,,"821 Greenview Dr. Grand Prairie, TX 75050"
,Richard Mayer Insurance,469-573-4545,,"3704 Windstone Dr. Plano, Tx 75023"
,Tri-Star Insurance Professionals,Phone number (214) 387-0600 ,,"4949 Hedgcoxe Rd Plano, TX 75024 "
,Neighbor's Choice Insurance Agency,(817) 421-8866,,"431 E Northwest Hwy Grapevine, TX 76051"
,Haydin Insurance Group,(972) 299-5355 ,,"201 Bryan Pl Cedar Hill, TX 75104"
,Insurance and Risk Consultants,(214) 449-0472 ,,"1521 N Cooper St Arlington, TX 76011"
,Rodney Mouton Insurance Agency,(972) 987-5234 ,,"8765 Stockard Dr Frisco, TX 75034"
,CNR Insurance Brokerage Services,(972) 248-2415 ,,"8721 5th St Frisco, TX 75034"
,SafeChoice Insurance,(214) 619-1700,,"9555 Lebanon Rd Frisco, TX 75035"
Mark Valdez,Integra Insurance Services,(972) 355-8519,,"2653 Sagebrush Dr Flower Mound, TX 75028"
,Century Insurance Agency,(972) 539-4300,,"3200 Long Prairie Rd Flower Mound, TX 75022"
,Rowe John Insurance Agency,(972) 772-7860 ,,"2900 Hampshire Ln Rockwall, TX 75032"
,Schack Insuance,(817) 261-1502,,"2716 Baldwin Dr Arlington, TX 76012"
,American Insurance Solutions,(972) 552-3235,,"108 S. Bois D Arc Forney, TX 75126"
,Mike Honea Agency,(972) 436-0717,,"1865 McGee Ln Ste B Lewisville, TX 75077"
,Randy C Wright,(214) 421-5657 ,,"401 E Hwy 80 Forney, TX 75126"
,Galyean Insurance Agency,(972) 772-2390  ,,"6130 S Fm 549 Rockwall, TX 75032"
Ben HSU,Top Gun Insurance,(940) 498-7111,,"2002 S Stemmons Fwy Lake Dallas, TX 75065"
,VGW Insurance,(972) 771-5009,,"1864 McDonald Rd Rockwall, TX 75032"
,Verhagen Insurance,(972) 771-7373 ,,SAME AS VGW
,Century Insurance Agency,(940) 387-8811 ,,"2735 Wind River Ln Denton, TX 76210"
,Hunt Insurance Partners,(972) 393-0909 ,,"7400 Arabian Cir Flower Mound, TX 75022"
,Matthews Insurance Group,(817) 563-5555 ,,"5840 W Interstate 20 Arlington, TX 76017"
,Grunor Family Insurance Group,(940) 387-3618 ,,"3201 Teasley Ln Denton, TX 76210"
,Independent Insurance Co,(972) 241-2784,,"3010 Lyndon B Johnson Fwy Dallas, TX 75234"
,Bollom & Parker Insurance,972-377-9464,,
,Bound Insurance,(214) 306-6507,,"2633 McKinney Avenue Dallas, TX 75204"
,Greenhaw Insurance Inc,(214) 739-2255,,"5949 Sherry Ln # 1030 Dallas, TX 75225"
,AbleCo Insurance,,,"5339 Alpha Road #460 Dallas, TX 75240"
,"Bibby, Brilling & Associates, LLP",(214) 521-8030,,"5031 McKinney Ave Dallas, TX 75205"
,Sawyer Insurance Agency,(972) 231-2222,,"1202 Richardson Dr Richardson, TX 75080"
,Eagle Independent Insurnce Agency,(214) 217-9277,,"3110 Webb Ave #150 Dallas, TX 75205"
,Connect Insurance Agency,(214) 654-9000,,"2750 West Northwest Highway Dallas, TX 75220"
,Ben Spurgin Insurance,(214) 871-3322,,"2521 Cedar Springs Road Dallas, TX 75201"
,Bankhead Insurance Agency,(214) 343-1333,,"10935 Estate Ln #190 Dallas, TX 75238"
,Hotchkiss Insurance Agency Llc,(972) 512-7700,,"4120 International Pkwy # 2000 Carrollton, TX 75007"
,America First Insurance,(972) 231-7175,,"3400 Waterview Parkway #200 Richardson, TX 75080"
,Insurance One,(972) 267-8000,,"14180 Dallas Pkwy, Suite 900 Dallas, TX 75254"
,Alliance Insurance,(214) 361-9996,,"Royal Central Tower 11300 N Central Expy # 202 
Dallas, TX 75243"
,Davidson Stewart Morelock,(214) 217-9277,,3110 Webb Avenue
