Agency,,Agent,,Phone Number,,Email,,Address
EFG,,,,281 405 8866,,,,
TWFG,,Daphne Travis,,832 286 4689,,,,
LaVonda M. Fletcher,,LaVonda M. Fletcher,,281 205 8486,,,,
Douglas B Johnson,,Douglas B Johnson,,832 408 5768,,,,
Harco Ins. ,,,,832 408 5767,,,,
"Cravens, Harco & Co.",,,,713 659 0905,,,,
Texas Worldwide,,,,281 449 1422,,,,
Cruse & Dice ins.,,,,832 529 4052,,,,
Cy Fair Ins.,,,,832 912 4442,,,,
Noveri Ins.,,,,713 423 6920,,,,
Pasadena ins.,,,,713 869 6991,,,,
InsGroup,,,,713 423 6804,,,,
Dean & Draper,,,,713 423 6894,,,,
Focus Ins,,,,713 425 6700,,,,
Cadence Ins.,,,,713 659 0780,,,,
Associated Ins Managers,,,,713 423 6937,,,,
TWFG (referral program),,,,281 367 3424,,agentinfo@twfg.com,,
Suzanne Brown Agency,,,,281 558 2210,,,,
Pinnacle Point Ins.,,,,281 528 5737,,,,
Texan Ins.,,,,281 998 2500,,,,
ANCO ins,,,,281 712 1892,,,,
Bryan Calvin & Smith INS.,,,,832 408 5755,,,,
Prodigy Ins.,,,,281 354 4500,,,,
Reliable Ins,,,,713 659 0913,,,,
Kicker Ins,,,,281 532 5439,,,,
Mark Dalton Ins,,,,281 242 2333,,,,
TIFG,,,,832 500 8406,,,,
Suzanne Sansom Ins,,,,832 772 6913,,,,
Southern Star Ins.,,,,936 647 3601,,,,
Soules Ins,,,,936 756 0671,,,,
Katy Ins. ,,,,832 772 7921,,,,
Steiber Ins,,,,281 341 7141,,,,
Craig Ins ,,,,281 488 2733,,,,
Accord Texaswide Ins,,,,281 957 7000,,,,
W.E. Gibson Ins.,,,,936 825 6565,,,,
Dawson Ins.,,,,936 438 8525,,,,
Beal & Winn Ins,,,,979 314 2568,,,,
ISB Ins.,,,,877 996 8210,,,,
UniSure,,,,936 931 1888,,,,
Edmonds Ins,,,,936 372 9122,,,,
American Surety,,,,281 256 3830,,,,
Sotheara Bo-Tran,,,,281 309 7273,,,,
Freeman Agency,,,,281 890 7069,,,,
Texas Heritage Ins,,,,281 351 4701,,,,
AJ Leday Ins,,,,936 857 9003,,,,
SureSolution Ins,,,,281 351 2500,,,,
Ted W Allen & Assc.,,,,281 378 7500,,,,
Benefit Sense,,,,281 256 3347,,,,
Oncken Ins,,,,281 213 4990,,,,
Moon Shepard Baker Ins,,,,713 957 8112,,,,
Lowery Ins.,,,,281 356 1506,,,,
Charles Nix Ins,,,,713 446 3569,,,,
Parkway family Ins,,,,832 698 5298,,,,
Great Southern Ins,,,,281 444 3388,,,,
Southern American Ins.,,,,281 890 9294,,,,
Patriot Ins,,,,281 469 3848,,,,
Insure Us,,,,281 640 8888,,,,
Stokes Ins,,,,281 259 5533,,,,
Patricia Cooper Ins,,,,281 356 9955,,,,
Preferred Choice Ins,,,,281 863 9111,,,,
Hometown Ins.,,,,281 379 1495,,,,
Russell M. Taylor Ins,,,,281 257 8585,,,,
Avalon Ins.,,,,281 210 1177,,,,
Community Ins Assc.,,,,281 356 8013,,,,
Panoptic Ins.,,,,281 296 4100,,,,
Allphin Ins.,,,,936 588 1990,,,,
Stable Ins,,,,936 878 2401,,,,
Technical Assurance,,,,281 296 9997,,,,
SIG/F&M Ins,,,,832 299 1520,,,,
Employers Diversified Ins.,,,,281 999 5638,,,,
Stone Ins. Grp.,,,,832 403 2066,,,,
David Funderburg Ins.,,,,936 441 8072,,,,
Mobile Ins ,,,,281 367 9266,,,,
Karen Ehlers Ins,,,,936 828 2503,,,,
Melissa Ray Ins,,,,813 649 9943,,,,
Grayless Ins,,,,936 760 2220,,,,
Mackey Ins.,,,,936 203 0182,,,,
Mainstreet Ins,,,,936 448 6744,,,,
Glenn Ins.,,,,936 788 5800,,,,
Reaves Ins,,,,936 539 1045,,,,
Southern Grp. Ins,,,,936 756 8818,,,,
Secure Ins,,,,936 539 6060,,,,
Infiniti Ins,,,,832 249 9994,,,,
Hughes Ins ,,,,281 353 5707,,,,
Spring Ins.,,,,281 370 6064,,,,
Aldrich Ins,,,,409 287 2755,,,,
R O Williams & Co,,,,409 835 5921,,,,
Bayless,,,,409 755 0623,,,,
Turrentine Ins.,,,,281 476 0557,,,,
Commercial Global Ins,,,,281 930 1600,,,,
Plemons Ins,,,,281 930 2222,,,,
Allied Ins,,,,281 479 2255,,,,
Winslow Ins,,,,713 477 0193,,,,
Harris County Ins,,,,281 427 6511,,,,
Walzel Ins,,,,281 422 2027,,,,
Grace White Ins.,,,,281 998 9500,,,,
Roberts Family Ins,,,,281 991 0787,,,,
Midtown Ins,,,,713 678 7595,,,,
Ball Ins,,,,281 328 7014,,,,
Assurance Management,,,,713 944 9600,,,,
INSURICA,,,,281 421 7605,,,,
Highpoint Ins,,,,281 204 8770,,,,
MaximGroup,,,,281 337 2516,,,,
Western Ins,,,,281 334 9770,,,,
Kevin E Severance Ins,,,,281 333 3100,,,,
Dolan Ins,,,,832 632 1528,,,,
Champions Ins,,,,281 484 4870,,,,
Texas Affordable Ins,,,,281 280 0990,,,,
Channel Ins,,,,713 451 8821,,,,
Leon Nunley Ins,,,,713 451 5884,,,,
Eli Tanksley Ins,,,,281 464 3004,,,,
Winn & Assc. Ins.,,,,832 300 5511,,,,
Cathie M Deulley Ins.,,,,281 338 1173,,,,
Bob Howard Ins ,,,,281 338 7797,,,,
Robinson Family Ins,,,,281 332 7799,,,,
Hawkins Ins,,,,832 554 7388,,,,
Barmore Ins.,,,,713 688 1500,,,,
Ray Lancaster Ins,,,,713 645 4207,,,,
Galveston Ins,,,,281 442 1892,,,,
Truman Taylor Ins,,,,281 482 1212,,,,
Texas State Ins. ,,,,281 630 9208,,,,
Essential Ins. Grp. ,,,,281 990 6051,,,,
