Company Name,Mailing Address,Mailing City,Mailing State,Mailing Zip Code,Last Name,First Name,Phone Number Combined
AAA Car Care Plus,10270 W US 24,Findlay,OH,45840,,,(419) 422-4839
AAA Insurance,10270 W US Route 224,Findlay,OH,45840,,,(419) 422-4839
Aaron Zollars-State Farm Ins,2541 Far Hills Ave,Oakwood,OH,45419,Zollars,Aaron,(937) 296-1166
Aetna,7400 W Campus Rd,New Albany,OH,43054,Roberts,Anthony,(614) 933-7168
Aetna,7400 W Campus Rd,New Albany,OH,43054,Cavallaro,Brett,(614) 905-7412
Aetna,3297 Horns Hill Rd,Newark,OH,43055,Wade Clement,Jody,(740) 364-9100
Aetna,4059 Kinross Lakes Pkwy # 300,Richfield,OH,44286,Everhart,David,(330) 659-8249
All State,806 Bethel Rd,Columbus,OH,43214,Risoya,Norman,(614) 326-1406
Allstate,37300 Detroit Rd # 1,Avon,OH,44011,Buck,Laura,(440) 934-3571
Allstate,8901 Commerce Loop Dr,Columbus,OH,43240,Bertelsen,Gary,(614) 442-7733
Allstate,325 S Sandusky St # 203,Delaware,OH,43015,Norman Jr,Harvey,(740) 369-1791
Allstate,9952 Johnnycake Ridge Rd # D,Painesville,OH,44077,Malchesky,Mark,(440) 392-9417
Allstate,122 W South Boundary St # E,Perrysburg,OH,43551,Shank,Jake,(419) 872-8600
Allstate,122 W South Boundary St # E,Perrysburg,OH,43551,Swade,William,(419) 872-8600
Allstate,33549 Solon Rd,Solon,OH,44139,Sharp,Brian,(440) 461-2555
Allstate,33549 Solon Rd,Solon,OH,44139,,,(440) 461-2555
ALLSTATE,4693 Liberty Ave,Vermilion,OH,44089,Maxwell,Tonia,(440) 967-0128
Allstate,1190 County Line Rd,Westerville,OH,43081,,,(614) 794-0300
Allstate Financial Svc,1111 W High St,Bryan,OH,43506,Kolanko,Edward,(419) 636-2540
Allstate Financial Svc,5294 Mayfield Rd # 100,Cleveland,OH,44124,,,(440) 461-2555
Allstate Insurance,4048 Colonel Glenn Hwy,Beavercreek Twp,OH,45431,Papanek,Melissa,(937) 253-2244
Allstate Insurance,2022 Locust St S,Canal Fulton,OH,44614,Evans,Terry,(330) 854-2333
Allstate Insurance,6332 Far Hills Ave,Dayton,OH,45459,Campbell,Ralph,(937) 438-0004
Allstate Insurance,1164 W North St,Lima,OH,45805,Planz,Brian,(419) 224-5553
Allstate Insurance,1570 N Main St # B,Lima,OH,45801,Mc Lean,Sam,(419) 228-7100
Allstate Insurance,114 S 4th St,Martins Ferry,OH,43935,Brown,Linda,(740) 633-5746
Allstate Insurance,306 Louisiana Ave,Perrysburg,OH,43551,Blanchard,Sandy,(419) 866-6400
Allstate Insurance,664 N Main St,Springboro,OH,45066,Steinke,Michael,(937) 550-9596
Allstate Insurance,52139 National Rd E # 2,St Clairsville,OH,43950,Ferrell,Rick,(740) 695-1995
Allstate Insurance,9217 State Route 43 # 260,Streetsboro,OH,44241,Mckenica,Robert,(330) 626-1480
Allstate Insurance,3599 Elm Rd NE,Warren,OH,44483,Gates,Brian,(330) 372-4047
Allstate Insurance Agency,654 Portage Trl,Cuyahoga Falls,OH,44221,,,(330) 929-3056
Allstate Insurance Agency,200 Washington Jackson Rd # D,Eaton,OH,45320,Petrock,Michael,(937) 533-4401
Allstate Insurance Agency,5158 Cedar Village Dr,Mason,OH,45040,Frey,John,(513) 770-1090
Allstate Insurance Agency,129 W Main St,New Lebanon,OH,45345,Snyder,Mike,(937) 687-2032
Allstate Insurance Agency,6315 Whipple Ave NW,North Canton,OH,44720,,,(330) 499-1940
Allstate Insurance Co,4625 Richmond Rd,Cleveland,OH,44128,Hannah,Kevin,(216) 464-0111
Allstate Insurance-Aaron J,545 N Broad St # 6,Canfield,OH,44406,Stoeber,Aaron,(330) 533-3555
Allstate Insurance-Aaron Stbr,742 Graham Rd # C,Cuyahoga Falls,OH,44221,Wright,Robert,(330) 929-4774
Allstate Insurance-Ahmad Rchd,1544 S Byrne Rd # A,Toledo,OH,43614,Rachidi,Ahmad,(419) 385-4107
Allstate Insurance-Al Kanieski,6944 Spinach Dr,Mentor,OH,44060,Kanieski,Al,(440) 974-4000
Allstate Insurance-Albert Dnhy,108 N High St,New Albany,OH,43054,Donahey,Albert,(614) 939-9623
Allstate Insurance-Alison Dnr,3006 Portsmouth Ave,Cincinnati,OH,45208,Doner,Alison,(513) 871-5300
Allstate Insurance-Alison Dnr,8561 S Mason Montgomery Rd,Mason,OH,45040,Doner,Alison,(513) 336-6624
Allstate Insurance-Andrew Smrr,104 E College Ave,Westerville,OH,43081,Smarra,Andrew,(614) 802-0440
Allstate Insurance-Andy Bruno,140 E Aurora Rd,Northfield,OH,44067,Eisner,Loren,(330) 468-0800
Allstate Insurance-Andy Harmon,1269 N Fairfield Rd,Beavercreek,OH,45432,Armstrong,Theodore,(937) 426-2450
Allstate Insurance-Andy Harmon,2190 Hewitt Ave,Dayton,OH,45440,Harmon,Andy,(937) 458-5060
Allstate Insurance-Andy Myers,2787a Front St,Cuyahoga Falls,OH,44221,Myers,Andy,(330) 945-4935
Allstate Insurance-Angela,16360 Broadway Ave # A107,Maple Heights,OH,44137,Williams,Angela,(216) 518-9645
Allstate Insurance-Arrow,5415 Monroe St # 2a,Toledo,OH,43623,Dickerson,Arrow,(419) 841-5017
Allstate Insurance-Barbara A,621 Broad St SW # 2e,Pataskala,OH,43062,Ewing,Barbara,(740) 964-2494
Allstate Insurance-Ben L Dhrt,9688 Cincinnati Columbus Rd,West Chester,OH,45241,Duhart,Ben,(513) 779-1700
Allstate Insurance-Bethany,12 W Garfield Rd,Aurora,OH,44202,Snyder,Bethany,(330) 995-3069
Allstate Insurance-Bethany,8419 Tower Dr,Twinsburg,OH,44087,Snyder,Bethany C,(330) 468-0655
Allstate Insurance-Bev Dickson,207 S Main St,Bellefontaine,OH,43311,Dickson,Beverly,(937) 599-4858
Allstate Insurance-Bill Frll,696 Canton Rd # 4,Akron,OH,44312,Fiorella,Bill,(330) 733-6323
Allstate Insurance-Bill Frmkds,7 S Cleveland Ave,Mogadore,OH,44260,Farmakidis,Bill,(330) 628-3500
Allstate Insurance-Bill Ghlkn,1956 East Pike,Zanesville,OH,43701,Gehlken,William,(740) 453-7222
Allstate Insurance-Bill Mason,715 Babbitt Rd,Euclid,OH,44123,Mason,Bill,(216) 261-6100
Allstate Insurance-Bill Snook,1602 Cottage St,Ashland,OH,44805,Snook,Bill,(419) 281-5501
Allstate Insurance-Billy Wllms,1324 Cooper Foster Park Rd W,Lorain,OH,44053,Williams,Billy,(440) 210-9889
Allstate Insurance-Bob Erlngr,3821 N High St,Columbus,OH,43214,Allen,Freddie,(614) 451-6600
Allstate Insurance-Bob Sustar,7359 Austin Powder Dr,Solon,OH,44139,Sustar,Bob,(440) 442-8700
Allstate Insurance-Bonnie,105 Public Sq # 2,Lagrange,OH,44050,Schmidt,Bonnie,(440) 355-5953
Allstate Insurance-Braedon,2960 Morse Rd,Columbus,OH,43231,,,(614) 471-7283
Allstate Insurance-Brenda Stts,4098 Center Rd # B,Brunswick,OH,44212,States,Brenda,(330) 220-0503
Allstate Insurance-Brett Hrmn,1292 Linden Ave,Zanesville,OH,43701,Harmon,Brett,(740) 452-9700
Allstate Insurance-Brian,7919 Jessies Way,Hamilton,OH,45011,Ackerman,Brian,(513) 737-6253
Allstate Insurance-Brian Blum,7227 Chagrin Rd # B,Chagrin Falls,OH,44023,Nicholson,Harvey,(440) 247-1777
Allstate Insurance-Brian E Mcy,7029 Taylorsville Rd # C,Dayton,OH,45424,Macy,Brian,(937) 233-4455
Allstate Insurance-Brian O Lry,8162 Market St # H,Youngstown,OH,44512,O'Leary,Brian,(330) 953-2034
Allstate Insurance-Brian Planz,1046 Interstate Ct,Findlay,OH,45840,Shingler,Jeff,(419) 422-5250
Allstate Insurance-Brian Sharp,5294 Mayfield Rd # 100,Cleveland,OH,44124,Sharp,Brian,(440) 461-2555
Allstate Insurance-Brian Sharp,2713 Hubbard Rd,Madison,OH,44057,Sharp,Brian,(440) 428-1900
Allstate Insurance-Brian Woods,7255 Dixie Hwy # F,Fairfield,OH,45014,Woods,Brian,(513) 860-2006
Allstate Insurance-Brian Zrfc,1620 N Bridge St # A,Chillicothe,OH,45601,Wilson,Stacy,(740) 772-5433
Allstate Insurance-Bruce Davis,864 Ashland Rd,Mansfield,OH,44905,Davis,Bruce,(419) 589-9610
Allstate Insurance-Bryan,6808 Miami Ave,Cincinnati,OH,45243,Anslinger,Bryan,(513) 271-0200
Allstate Insurance-Byron Dshnw,406 N Blanchard St # A,Findlay,OH,45840,Shreve,Rex,(419) 424-5580
Allstate Insurance-Candi Davis,102 N Main St,Columbiana,OH,44408,Davis,Candi,(330) 482-9258
Allstate Insurance-Catherine,7540 Sawmill Pkwy # G,Powell,OH,43065,Hufnagle,Catherine,(614) 574-0235
Allstate Insurance-Central Oh,6275 Emerald Pkwy # B,Dublin,OH,43016,Giannobile,Tony,(614) 389-6415
Allstate Insurance-Chad,6600 Sylvania Ave # 8,Sylvania,OH,43560,Szczepanski,Chad,(419) 885-4663
Allstate Insurance-Chad Nelson,120 Antioch Dr # B,Elyria,OH,44035,Nelson,Chad,(440) 281-8688
Allstate Insurance-Charlie,8131 Colerain Ave,Cincinnati,OH,45239,Broxterman,Charlie,(513) 931-2020
Allstate Insurance-Charlie,103 N Brookwood Ave # B,Hamilton,OH,45013,Broxterman,Charliy,(513) 863-8797
Allstate Insurance-Charlie,901 Walnut St # A,Rossville,OH,45013,Ramsey,Charles,(513) 896-1400
Allstate Insurance-Cheryl,36625 Vine St # 2,Willoughby,OH,44094,Schofield,Richard,(440) 953-0217
Allstate Insurance-Chris Munn,726 S High St,Mt Orab,OH,45154,Munn,Chris,(937) 444-2000
Allstate Insurance-Chris Pike,5706 Turney Rd # 202,Cleveland,OH,44125,Randall,Harry,(216) 475-2505
Allstate Insurance-Christina,15777 Watkins Rd,Marysville,OH,43040,,,(937) 738-2150
Allstate Insurance-Christina,9000 Broad St SW,Pataskala,OH,43062,Coughlin,Christina,(740) 919-4760
Allstate Insurance-Christopher,1246 Old State Route 74 # D,Batavia,OH,45103,Munn,Christopher,(513) 943-1200
Allstate Insurance-Christopher,454 Ohio Pike # 22,Cincinnati,OH,45255,Heiny,Christopher,(513) 688-7200
Allstate Insurance-Christopher,7604 Slate Ridge Blvd,Reynoldsburg,OH,43068,Cowlin,Christopher,(614) 759-7806
Allstate Insurance-Christopher,3807 Brecksville Rd # 1,Richfield,OH,44286,Pike,Christopher,(330) 887-9300
Allstate Insurance-Christopher,653 5th St # 4,Struthers,OH,44471,Graff,Christopher,(330) 755-5500
Allstate Insurance-Christopher,801 W Cherry St # 123,Sunbury,OH,43074,Norton,Chris,(740) 965-8150
Allstate Insurance-Chuck Bdtt,1310 W Sylvania Ave,Toledo,OH,43612,Bodette,Chuck,(419) 478-2400
Allstate Insurance-Cleta Vnng,524 Old State Route 74,Cincinnati,OH,45244,Vining,Cleta,(513) 231-7086
Allstate Insurance-Clint Stott,2930 Edison St NW # B,Uniontown,OH,44685,Stott,Clint,(330) 877-4400
Allstate Insurance-Connie Wall,224 N Sandusky Ave,Upper Sandusky,OH,43351,Wall,Connie,(419) 209-9900
Allstate Insurance-Craig T Lsl,38110 3rd St,Willoughby,OH,44094,Leslie,Craig,(440) 946-4701
Allstate Insurance-Craig Wltrs,107 N Main St # D,Baltimore,OH,43105,Walters,Craig,(740) 862-4585
Allstate Insurance-Crystal,5350 E Livingston Ave # 102,Columbus,OH,43232,Smith,Crystal G,(614) 575-9001
Allstate Insurance-Daffney Gyr,7183 E Broad St,Blacklick,OH,43004,Fletcher,Luca,(614) 860-9739
Allstate Insurance-Dale Watson,6360 Tylersville Rd,Mason,OH,45040,Watson,Dale,(513) 770-9632
Allstate Insurance-Daniel,500 E Broad St,Elyria,OH,44035,Gossman,Daniel,(440) 323-7911
Allstate Insurance-Daniel,9723 Ravenna Rd,Twinsburg,OH,44087,Tinkler,Daniel,(330) 425-2820
Allstate Insurance-Daniel,219 N Main St,Wellington,OH,44090,Gossman,Daniel,(440) 647-6310
Allstate Insurance-Daniel Lsch,4465 Bridgetown Rd # 3,Cincinnati,OH,45211,Losch,Daniel,(513) 922-5000
Allstate Insurance-Daniel Prkr,545 Hill Rd N,Pickerington,OH,43147,Parker,Daniel,(614) 863-3333
Allstate Insurance-Darlene,693 Winkler Dr,Wooster,OH,44691,Parnell,Darlene,(330) 345-1946
Allstate Insurance-Darren Brwn,16505 Square Dr,Marysville,OH,43040,Brown,Darren,(937) 644-9118
Allstate Insurance-Darren Brwn,519 London Ave,Marysville,OH,43040,Brown,Darren,(937) 644-9118
Allstate Insurance-Darryl,7257 Fulton Dr NW # 70,Canton,OH,44718,Dillenback,Darryl,(330) 880-0525
Allstate Insurance-Dave Maute,2200 E Main St,Springfield,OH,45503,Maute,Dave,(937) 325-2474
Allstate Insurance-Dave Paris,8300 Princeton Glendale # 103,West Chester,OH,45069,Moran,Jay,(513) 874-3048
Allstate Insurance-Dave Yates,7714 Blue Ash Rd,Cincinnati,OH,45236,Yates,Dave,(513) 283-0060
Allstate Insurance-David Alder,266 S Prospect St,Ravenna,OH,44266,Alder,David,(330) 839-8971
Allstate Insurance-David Klsch,6910 Airport Hwy # 1,Holland,OH,43528,Koelsch,David,(419) 865-8110
Allstate Insurance-David R Hrr,524 W Perkins Ave,Sandusky,OH,44870,Haerr,David,(419) 626-9444
Allstate Insurance-David Spncr,20800 Center Ridge Rd # 115,Rocky River,OH,44116,Spencer,David,(440) 333-5800
Allstate Insurance-Dawn,1266 Wapakoneta Ave,Sidney,OH,45365,Andrews-Clark,Dawn,(937) 492-6066
Allstate Insurance-Deann G,240 Lagrange St # B,Napoleon,OH,43545,Reynolds,Deann,(419) 599-1990
Allstate Insurance-Deb Davis,136 S Market St,Wooster,OH,44691,Davis,Deb,(330) 264-8872
Allstate Insurance-Deborah,450 Broadway Ave,Bedford,OH,44146,Walker,Deborah,(216) 364-0422
Allstate Insurance-Dianne Mchl,5062 Delhi Ave,Cincinnati,OH,45238,Michael,Dianne,(513) 451-8700
Allstate Insurance-Don Logan,16813 Saint Clair Ave,East Liverpool,OH,43920,Logan,Don,(330) 385-7400
Allstate Insurance-Don Paltani,24500 Chagrin Blvd # G1,Beachwood,OH,44122,Paltini,Don,(216) 464-4290
Allstate Insurance-Dona Norris,12 E Jefferson St,Jefferson,OH,44047,Norris,Dona,(440) 576-0343
Allstate Insurance-Douglas,3979 Indian Ripple Rd # Cc,Beavercreek,OH,45440,Trent,Douglas,(937) 429-5577
Allstate Insurance-Douglas,1367 Park Ave W # B,Ontario,OH,44906,Harvey,Gary,(419) 529-2313
Allstate Insurance-Douglas CNN,22210 Lorain Rd,Cleveland,OH,44126,Conn,Douglas,(440) 777-6768
Allstate Insurance-Douglas Gyr,1203 Steubenville Ave,Cambridge,OH,43725,Geyer,Douglas,(740) 439-1543
Allstate Insurance-Douglas WHT,8020 Columbia Rd,Olmsted Falls,OH,44138,White,Douglas,(440) 235-8500
Allstate Insurance-Dustin,1149 State Route 131 # C,Milford,OH,45150,Raines,Don,(513) 248-1201
Allstate Insurance-Ed Maurer,3002 Woodville Rd # A,Northwood,OH,43619,Maurer,Ed,(419) 697-9100
Allstate Insurance-Edward Bndr,3700 Massillon Rd # 150,Uniontown,OH,44685,Bender,Edward,(330) 699-7028
Allstate Insurance-Edward Crdv,5724 Frantz Rd,Dublin,OH,43016,Cordova,Edward,(614) 602-4761
Allstate Insurance-Eric Gilham,24481 Detroit Rd # 203,Westlake,OH,44145,Gilham,Eric,(440) 892-7000
Allstate Insurance-Eric S,11340 Kenn Rd,Cincinnati,OH,45240,Thompson,Eric,(513) 825-3800
Allstate Insurance-Eslick Ins,2775 S Moreland Blvd # 203,Cleveland,OH,44120,Eslick,Renita,(216) 283-5570
Allstate Insurance-Evans Ins,1900 Monroe St # 110,Toledo,OH,43604,Evans,Amenophis,(419) 241-8061
Allstate Insurance-Evron Clhn,7200 N Main St # Apt,Dayton,OH,45415,Colhoun,Evron,(937) 278-4000
Allstate Insurance-Fernando Pz,30584 Center Ridge Rd # A,Westlake,OH,44145,Paez,Fernando,(440) 617-0300
Allstate Insurance-Floyd S,3113 Dustin Rd # C,Oregon,OH,43616,Carter Jr,Floyd,(419) 691-1200
Allstate Insurance-Frank A,PO Box 21792,Columbus,OH,43221,Lengal,Frank,(614) 442-7733
Allstate Insurance-Frank Btsch,7761 5 Mile Rd,Cincinnati,OH,45230,Batsche,Frank,(513) 342-3777
Allstate Insurance-Gabe Cccntt,76 S Park Pl,Painesville,OH,44077,Cicconetti,Gabe,(440) 352-8400
Allstate Insurance-Gabe Cccntt,9952 Johnnycake Ridge Rd # D,Painesville,OH,44077,Cicconetti,Gabe,(440) 392-9417
Allstate Insurance-Gary A,7 Willipie St,Wapakoneta,OH,45895,Burlingame,Gary A,(419) 738-5717
Allstate Insurance-Gary A Hcks,4217 Grand Ave,Middletown,OH,45044,Hicks,Gary,(513) 423-5037
Allstate Insurance-Gary R Yng,925 Pittsburg Ave NW,North Canton,OH,44720,Young,Gary,(330) 494-9006
Allstate Insurance-Gary Yost,2121 E Market St,Akron,OH,44312,Yost,Gary,(330) 794-2211
Allstate Insurance-Gene Smnr,220 Center St # 3,Chardon,OH,44024,Seminaro,Gene,(440) 285-1774
Allstate Insurance-George Fshr,2372 Lakeview Dr # A,Beavercreek,OH,45431,Fisher,George,(937) 320-7122
Allstate Insurance-George Fshr,1000 Shroyer Rd,Dayton,OH,45419,Fisher,George,(937) 643-3034
Allstate Insurance-George Fshr,2128 Harshman Rd,Dayton,OH,45424,Fisher,George,(937) 665-1840
Allstate Insurance-Glen Rchrds,5884 Cheviot Rd,Cincinnati,OH,45247,Richards,Glen,(513) 426-6460
Allstate Insurance-Greg Brwnr,27211 Wolf Rd,Bay Village,OH,44140,Brawner,Greg,(440) 892-1700
Allstate Insurance-Gregg,8260 E Market St,Warren,OH,44484,Lafferty,Gregg,(330) 856-5900
Allstate Insurance-Gregory,3884 Dayton Xenia Rd,Beavercreek,OH,45432,Schindler,Gregory,(937) 912-0001
Allstate Insurance-Gus Badra,1734 W Laskey Rd # A,Toledo,OH,43613,Badra,Gus,(419) 469-5929
Allstate Insurance-Guy Bassett,6089 State Rd,Cleveland,OH,44134,Bassett,Guy,(440) 888-1600
Allstate Insurance-Guy Bassett,7566 Pearl Rd,Cleveland,OH,44130,Bassett,Guy,(440) 499-4180
Allstate Insurance-Guy Bassett,1154 Hinkle Dr # H,Wadsworth,OH,44281,Bassett,Guy,(330) 336-7681
Allstate Insurance-Howard,5204 Beechmont Ave,Cincinnati,OH,45230,Richards,Howard,(513) 609-4878
Allstate Insurance-Integrity,690 E 4th St,Salem,OH,44460,Webb,Taylor,(330) 337-9312
Allstate Insurance-Integrity,1240 Boardman Canfield Rd # 4,Youngstown,OH,44512,Penick,John,(330) 726-1696
Allstate Insurance-J J Mccrthy,999 N 21st St,Newark,OH,43055,Mc Carthy,J,(740) 366-7391
Allstate Insurance-J Lewis,10470 Loveland Madeira Rd,Loveland,OH,45140,Presley,J,(513) 831-9066
Allstate Insurance-J Mark,5330 Heatherdowns Blvd # 203,Toledo,OH,43614,Atkins,J,(419) 867-8887
Allstate Insurance-J Matthew,2239 Stringtown Rd,Grove City,OH,43123,White,Margo,(614) 539-9300
Allstate Insurance-J Matthew,5532 Hilliard Rome Office Park,Hilliard,OH,43026,Dorsch,Ken,(614) 529-8316
Allstate Insurance-Jack M,2006 Bonniedale Dr,Bellbrook,OH,45305,Boyer,Jack,(937) 848-2138
Allstate Insurance-James Hall,6037 Cleveland Ave # A,Columbus,OH,43231,Hall,James,(614) 890-2222
Allstate Insurance-James Mschr,13324 Madison Ave,Lakewood,OH,44107,Maschari,James,(216) 221-6263
Allstate Insurance-Jamie Bnntt,25 N Gamble St,Shelby,OH,44875,Salters,Chuck,(419) 347-3388
Allstate Insurance-Jamilynn Fx,6616 Monroe St # 10,Sylvania,OH,43560,,,(419) 885-3061
Allstate Insurance-Jarrod Gnnr,801 Columbus Ave,Sandusky,OH,44870,Gennari,Jarrod,(419) 621-0778
Allstate Insurance-Jason Btlr,5120 Pleasant Ave # B,Fairfield,OH,45014,Butler,Jason,(513) 276-4715
Allstate Insurance-Jason Btlr,205 W Loveland Ave,Loveland,OH,45140,Butler,Jason,(513) 677-5380
Allstate Insurance-Jason Drc,1210 W State St,Alliance,OH,44601,Durica,Jason,(330) 829-9395
Allstate Insurance-Jason Drc,8389 Mayfield Rd # B-6,Chesterland,OH,44026,Durica,Jason,(440) 729-3109
Allstate Insurance-Jason M Drc,3018 State Route 5 # A,Cortland,OH,44410,Durica,Jason M,(330) 638-2800
Allstate Insurance-Jason Mchl,1204 N Main St,North Canton,OH,44720,Gracia,Roland,(330) 497-8800
Allstate Insurance-Jason Petty,7676 S County Road 25a,Tipp City,OH,45371,Petty,Jason,(937) 506-7003
Allstate Insurance-Jason Prsly,10724 Reading Rd,Cincinnati,OH,45241,Presley,Jason,(513) 563-4450
Allstate Insurance-Jay Depolo,502 Coshocton Ave,Mt Vernon,OH,43050,Depolo,Jay,(740) 392-7106
Allstate Insurance-Jay Lewis,9403 Kenwood Rd # A102,Blue Ash,OH,45242,Presley,Jay,(513) 791-2660
Allstate Insurance-Jeanne,2957 S Main St,Akron,OH,44319,Oldham,Jeanne,(330) 644-1111
Allstate Insurance-Jeanne,1172 Wooster Rd N # A,Barberton,OH,44203,Oldham,Jeanne,(330) 848-8888
Allstate Insurance-Jeffrey,23850 Center Ridge Rd # 2,Westlake,OH,44145,Minnick,Jeffrey,(440) 835-3300
Allstate Insurance-Jeffrey Krg,6588 Brecksville Rd # 1,Independence,OH,44131,Kraig,Jeffrey,(216) 524-7800
Allstate Insurance-Jennifer,348 County Road 410 # 2,South Point,OH,45680,Conley,Jennifer,(740) 377-2300
Allstate Insurance-Jennifer,2509 W Sylvania Ave # 12,Toledo,OH,43613,Zielinski,Jennifer,(419) 472-9690
Allstate Insurance-Jerod Long,1630 Columbus Rd # C,Granville,OH,43023,Long,Jerod,(740) 334-4388
Allstate Insurance-Jerry A Gst,729 Main St # 1,Steubenville,OH,43953,Gast,Jerry,(740) 264-7105
Allstate Insurance-Jessica J,1855 S Reynolds Rd # B,Toledo,OH,43614,Hernandez,Jessica J,(419) 536-9000
Allstate Insurance-Jim Twiggs,2107 Miamisburg Centerville Rd,Dayton,OH,45459,Twiggs,Jim,(937) 439-3166
Allstate Insurance-Jim Twiggs,2985 Derr Rd,Springfield,OH,45503,Twiggs,Jim,(937) 390-3330
Allstate Insurance-Jim Warneke,15655 State Route 170 # Q,East Liverpool,OH,43920,Chamberlain,Larry,(330) 382-1122
Allstate Insurance-John Braun,191 Great Oaks Trl,Wadsworth,OH,44281,Mistry,Benjamin,(330) 334-7609
Allstate Insurance-John Karas,25 Manor Hill Dr # 200,Canfield,OH,44406,Mcdevitt,Jeffrey,(330) 533-0581
Allstate Insurance-John Kipp,3812 Pearl Rd # 22,Medina,OH,44256,Kipp,John,(330) 220-0558
Allstate Insurance-John Penick,325 N State St # 1,Girard,OH,44420,Penick,John,(330) 545-1843
Allstate Insurance-John Penick,1775 E Western Reserve Rd,Youngstown,OH,44514,Penick,John,(330) 757-3750
Allstate Insurance-Jon Pantone,54 Dillmont Dr,Columbus,OH,43235,Pantone,Jon,(614) 505-6846
Allstate Insurance-Joseph,201 W Charles St # B,Bucyrus,OH,44820,Bindner,Joseph,(419) 562-0961
Allstate Insurance-Joseph Bnl,706 Pike St # 2,Marietta,OH,45750,Perry,David D,(740) 373-7700
Allstate Insurance-Joseph Shft,5383 Detroit Rd,Sheffield Vlg,OH,44054,Shift,Joesph,(440) 934-8300
Allstate Insurance-Joyce,250 W Main St # C,St Clairsville,OH,43950,Lunsford,Joyce,(740) 695-5007
Allstate Insurance-Julie,4404 Fayard Dr # Eastgate,Batavia,OH,45103,Breedlove,Fran,(513) 753-3555
Allstate Insurance-Julius Lvs,7536 Market St # 201,Youngstown,OH,44512,Livas,Julius,(330) 726-8245
Allstate Insurance-Karl Ksslr,26777 Lorain Rd # 3,North Olmsted,OH,44070,Kessler,Iris,(440) 716-8001
Allstate Insurance-Katina Y,3546 W Siebenthaler Ave,Dayton,OH,45406,Johnson,Katina,(937) 274-8000
Allstate Insurance-Keith Zbrck,925 N State St # I,Westerville,OH,43082,Zabrocki,Keith,(614) 682-6030
Allstate Insurance-Kelly Glbrt,1001 W Main St # F,Lebanon,OH,45036,Gilbert,Kelly,(513) 932-9533
Allstate Insurance-Ken Lindsay,PO Box 42015,Cincinnati,OH,45242,Lindsay,Ken,(513) 539-9231
Allstate Insurance-Kenneth,8055 Cincinnati Dayton Rd,West Chester,OH,45069,Lindsay,Kenneth,(513) 779-1980
Allstate Insurance-Kenneth Bll,33693 Aurora Rd,Solon,OH,44139,,,(440) 361-7053
Allstate Insurance-Kenneth J,8093 Columbia Rd # 100,Mason,OH,45040,Mastromauro,Jan,(513) 677-9300
Allstate Insurance-Kristen F,4605 Main Ave,Ashtabula,OH,44004,Daubenspeck,Kristen,(440) 993-0256
Allstate Insurance-Kym Botson,905 W State St,Fremont,OH,43420,Botson,Kym,(419) 355-1710
Allstate Insurance-Kym Botson,3979 E Knoll Crest Dr,Port Clinton,OH,43452,Botson,Kymberly,(419) 301-9193
Allstate Insurance-Larry Brown,251 W Garfield Rd # 165,Aurora,OH,44202,Brown,Larry,(330) 562-5282
Allstate Insurance-Larry Gore,443 W Liberty St,Medina,OH,44256,Gore,Larry,(330) 723-4120
Allstate Insurance-Laura,20898 Drake Rd,Strongsville,OH,44149,Rohrbach,Laura,(440) 572-2202
Allstate Insurance-Laura A Bck,32730 Walker Rd # C5,Avon Lake,OH,44012,Buck,Laura,(440) 930-8570
Allstate Insurance-Leslie,223 Conant St,Maumee,OH,43537,Poellnitz,Leslie,(419) 893-2228
Allstate Insurance-Linda Dnnz,1001 W Main St,Louisville,OH,44641,Dinunzio,Linda,(330) 875-1818
Allstate Insurance-Loretta,3040 Riverside Dr # 200,Columbus,OH,43221,Powell,Loretta,(614) 481-0911
Allstate Insurance-Luca Mgstr,67925 Banfield Rd,St Clairsville,OH,43950,Magistro,Luca,(740) 695-4574
Allstate Insurance-Lynette J,2291 Village Park Ct,Ontario,OH,44906,Womack,Lynette,(419) 747-2223
Allstate Insurance-M P G Agcy,3045 Smith Rd # 500,Fairlawn,OH,44333,Druesdow,Rick,(330) 666-6371
Allstate Insurance-Marcus Prkr,2536 Scarborough Sq,Columbus,OH,43232,Parker,Marcus,(614) 866-7000
Allstate Insurance-Marianne,3908 Miami Rd,Cincinnati,OH,45227,,,(513) 808-4811
Allstate Insurance-Mark,540 W Union St # D,Athens,OH,45701,Mckinniss,Mark,(740) 593-7484
Allstate Insurance-Mark,923 Ety Rd NW,Lancaster,OH,43130,Stevens,Kim,(740) 681-2052
Allstate Insurance-Mark Dlcrrl,35888 Center Ridge Rd # 1,North Ridgeville,OH,44039,Depaolo,Anthony,(440) 327-8744
Allstate Insurance-Mark J Rnsl,161 Northwest Ave # 101,Tallmadge,OH,44278,Rensel,Mark,(330) 633-3900
Allstate Insurance-Mark Prtl,510 S State St,Westerville,OH,43081,Portale,Mark,(614) 442-7777
Allstate Insurance-Mark Schr,732 Middleton Way # 201,Loveland,OH,45140,Scheuer,Mark,(513) 697-9098
Allstate Insurance-Markus,2114 N Reynolds Rd,Toledo,OH,43615,Johnson,Markus,(419) 536-9166
Allstate Insurance-Martin J,51 N Sandusky St,Delaware,OH,43015,Mitchell,Martin,(740) 369-2886
Allstate Insurance-Martin J,3816 Fishinger Blvd,Hilliard,OH,43026,Mitchell,Martin J,(614) 529-4259
Allstate Insurance-Maryann,5765 S State Route 48 # 108,Maineville,OH,45039,Putman,Mary Ann,(513) 480-0333
Allstate Insurance-Matt Rdlph,3000 E Main St # A,Columbus,OH,43209,Barinskiy,Lev,(614) 556-4900
Allstate Insurance-Matt Rdlph,4937 W Broad St,Columbus,OH,43228,Rudolph,Rex,(614) 878-9266
Allstate Insurance-Matthew,3719 S High St,Columbus,OH,43207,Rudolph,Matt,(614) 702-2020
Allstate Insurance-Max Mrfdst,1190 County Line Rd,Westerville,OH,43081,Moarefdoust,Max,(614) 794-0300
Allstate Insurance-Melissa,4048 Colonel Glenn Hwy,Beavercreek Twp,OH,45431,Papanek,Melissa,(937) 253-2244
Allstate Insurance-Michael,4432 Belden Village St NW,Canton,OH,44718,Miller,Andrew,(330) 639-4032
Allstate Insurance-Michael,17016 Lorain Ave,Cleveland,OH,44111,,,(216) 812-5413
Allstate Insurance-Michael,5813 Mayfield Rd # 103,Cleveland,OH,44124,Preisler,Michael,(440) 461-1800
Allstate Insurance-Michael,5544 Eureka Dr # A,Hamilton,OH,45011,Graves,Michael,(513) 737-2265
Allstate Insurance-Michael,2808 Lincoln Way E,Massillon,OH,44646,Biascella,Michael,(330) 832-2727
Allstate Insurance-Michael,3735 S Dixie Hwy,Middletown,OH,45005,,,(937) 619-6051
Allstate Insurance-Michael,6477 N Hamilton Rd,Westerville,OH,43081,Hoffman,Michael,(614) 299-7000
Allstate Insurance-Michael Chn,3144 Markway Rd,Toledo,OH,43606,,,(419) 464-7689
Allstate Insurance-Michael Hld,7125 Troy Pike,Dayton,OH,45424,Lowe,Jeff,(937) 233-0510
Allstate Insurance-Michael Hld,119 N Main St,Union,OH,45322,Hild,Michael,(937) 836-3300
Allstate Insurance-Michael Kmn,10760 Montgomery Rd,Cincinnati,OH,45242,Dumnitt,Dan,(513) 898-0260
Allstate Insurance-Michael Kmn,6655 Western Row Rd,Mason,OH,45040,Koman,Michael,(513) 245-4166
Allstate Insurance-Michael Kmn,70 Fairway Dr # 2,Wilmington,OH,45177,Koman,Michael,(937) 382-7733
Allstate Insurance-Michael Kz,944 Galloway Rd,Galloway,OH,43119,Kazee,Michael,(614) 851-0910
Allstate Insurance-Michael P,7519 Mentor Ave # A113,Mentor,OH,44060,Bostick,Linda,(440) 951-4402
Allstate Insurance-Michael W,777 S 2nd St,Coshocton,OH,43812,Taylor,Mike,(740) 623-2207
Allstate Insurance-Michael W,112 4th St NW,New Philadelphia,OH,44663,Taylor,Michael,(330) 364-7716
Allstate Insurance-Michael Wd,489 Lazelle Rd,Westerville,OH,43081,Welch,Tyler,(614) 854-9156
Allstate Insurance-Mike Pttrsn,114 N Main St,Swanton,OH,43558,Patterson,Mike,(419) 825-1744
Allstate Insurance-Mitch Booth,816 E Turkeyfoot Lake Rd,Akron,OH,44319,Booth,Mitch,(330) 896-2354
Allstate Insurance-Nanci,4719 State Rd,Cleveland,OH,44109,Williford,Nanci,(216) 739-0990
Allstate Insurance-Nicholas Fc,2234 Riverfront Pkwy,Cuyahoga Falls,OH,44221,Fuciu,Nicholas,(330) 923-2300
Allstate Insurance-Patty Rose,220 W Main St,Troy,OH,45373,Rose,Patty,(937) 332-6942
Allstate Insurance-Peggy Gum,5353 Belmont Ave # 1,Youngstown,OH,44505,Holmes,Robert,(330) 759-2121
Allstate Insurance-Peter Svgl,5979 Andrews Rd,Mentor On Lake,OH,44060,Svigel,Peter,(440) 209-1100
Allstate Insurance-Phil Dietz,385 County Line Rd W # 140,Westerville,OH,43082,Dietz,Phil,(614) 899-2886
Allstate Insurance-Portia,327 Vernon St,Ironton,OH,45638,Spradlin,Portia,(740) 532-9767
Allstate Insurance-Portia,526 S West St,Piketon,OH,45661,Ferrell,Kelly,(740) 304-0680
Allstate Insurance-Portia,4055 Rhodes Ave # 101,Portsmouth,OH,45662,Spradlin,Portia,(740) 456-5555
Allstate Insurance-R Joe Cline,1329 Lexington Ave,Mansfield,OH,44907,Cline,Joe,(419) 884-3970
Allstate Insurance-Rachel Dean,16 W Bridge St,Dublin,OH,43017,Deanhaas,Rachel,(614) 336-8840
Allstate Insurance-Rex Shreve,1931 E 2nd St # B,Defiance,OH,43512,Shreve,Rex,(419) 782-8166
Allstate Insurance-Ricardo Prd,21403 Chagrin Blvd # 250,Cleveland,OH,44122,Prude,Ricardo,(216) 283-1616
Allstate Insurance-Rich Esber,1635 Whipple Ave NW,Canton,OH,44708,Esber,Rich,(330) 478-0171
Allstate Insurance-Richard A,5311 Northfield Rd # 7,Bedford,OH,44146,Macer,Richard,(216) 581-9945
Allstate Insurance-Richard B,29944 Euclid Ave,Wickliffe,OH,44092,,,(440) 943-2007
Allstate Insurance-Richard W,3925 Darrow Rd # 103,Stow,OH,44224,Brown,Richard,(330) 688-6229
Allstate Insurance-Rick Neises,9361 Montgomery Rd # E,Cincinnati,OH,45242,Doner,Alison,(513) 745-9898
Allstate Insurance-Ritch Coe,444 2nd Ave,Gallipolis,OH,45631,Coe,Ritch,(740) 441-1057
Allstate Insurance-Ritch Coe,13466 State Route 7,Proctorville,OH,45669,Coe,Ritch,(740) 886-7265
Allstate Insurance-Robert,66 S Miller Rd,Fairlawn,OH,44333,Farmwald,Robert,(330) 867-6111
Allstate Insurance-Robert,1105 Mount Vernon Ave,Marion,OH,43302,Nealley,Michael,(740) 389-2368
Allstate Insurance-Robert,314 W Dussel Dr,Maumee,OH,43537,Brewitt,Robert,(419) 794-7766
Allstate Insurance-Robert,4411 Kent Rd # 4,Stow,OH,44224,Mckenica,Robert,(330) 689-0914
Allstate Insurance-Robert,1000 High St # E,Worthington,OH,43085,,,(614) 349-4499
Allstate Insurance-Robert Csy,750 Cross Pointe Rd # D,Columbus,OH,43230,Causey,Robert,(614) 751-1200
Allstate Insurance-Robert Ford,689 Miamisburg Centerville Rd,Dayton,OH,45459,Ford,Robert,(937) 435-2641
Allstate Insurance-Robert Fsc,4423 Mahoning Ave,Youngstown,OH,44515,Fusco,Robert,(330) 793-6262
Allstate Insurance-Robert Nccl,21851 Center Ridge Rd # 100,Rocky River,OH,44116,Niccoli,Robert,(440) 895-0027
Allstate Insurance-Robert Ncly,1369 W Ohio Pike # 4,Amelia,OH,45102,Nicely,Robert,(513) 843-7770
Allstate Insurance-Robert Wood,582 E Dayton Yellow Springs Rd,Fairborn,OH,45324,Wood,Robert,(937) 878-0100
Allstate Insurance-Rocci Rvll,250 Tallmadge Rd,Kent,OH,44240,,,(330) 677-3930
Allstate Insurance-Rocci Rvll,4090 Brimfield Plz # B,Kent,OH,44240,Ravella,Rocci,(330) 677-3930
Allstate Insurance-Rocci Rvll,24118 Lorain Rd,North Olmsted,OH,44070,Freeman,Kelley,(440) 614-0441
Allstate Insurance-Rocco Nolfi,1045 Youngstown Warren Rd,Niles,OH,44446,Fairbanks,Kerry,(330) 544-1816
Allstate Insurance-Rocco Nolfi,6810 Market St,Youngstown,OH,44512,Nolfi,Rocco,(330) 729-5657
Allstate Insurance-Roger Grant,6020 Harrison Ave # 1,Cincinnati,OH,45248,Grant,Roger,(513) 574-8803
Allstate Insurance-Ron Glllnd,6135 Memorial Dr # 101,Dublin,OH,43017,Hilton,Jamie,(614) 763-6170
Allstate Insurance-Ron Less,6052 Royalton Rd,North Royalton,OH,44133,Cole,Ryan,(440) 582-8800
Allstate Insurance-Rosie Azzr,28 Grace Dr,Powell,OH,43065,Azzaro,Rosie,(614) 846-9100
Allstate Insurance-Ross Dngls,9880 Cleveland Ave NW # D,Uniontown,OH,44685,Deangelis,Ross,(330) 433-2192
Allstate Insurance-Ryan Cole,14 Seminary St,Berea,OH,44017,Lowrie,Rhonda,(440) 973-9132
Allstate Insurance-Ryan K,129 Lafayette St,Medina,OH,44256,Parnell,Ryan,(330) 721-7673
Allstate Insurance-Ryan Lange,8181 Avery Rd,Broadview Hts,OH,44147,Lange,Ryan,(440) 526-4800
Allstate Insurance-Ryan Lange,13399 Smith Rd,Cleveland,OH,44130,Lange,Ryan,(440) 526-4800
Allstate Insurance-Sally Wlsn,8518 Mentor Ave # G,Mentor,OH,44060,Wilson,Sally,(440) 205-9977
Allstate Insurance-Sally Wlsn,29339 Euclid Ave,Wickliffe,OH,44092,Wilson,Sally,(440) 347-0959
Allstate Insurance-Sandra,20 Executive Center Dr # G,Chillicothe,OH,45601,Mcallister,Sandra,(740) 779-1262
Allstate Insurance-Schindler,725 S Dixie Dr,Vandalia,OH,45377,Schindler,Greg,(937) 264-0800
Allstate Insurance-Scott A Hl,PO Box 184,Navarre,OH,44662,Hill,Scott,(330) 879-2200
Allstate Insurance-Scott Caco,624 N Leavitt Rd # 58,Amherst,OH,44001,Caco,Scott,(440) 988-5500
Allstate Insurance-Scott Mllr,2019 Elm Rd NE,Warren,OH,44483,Miller,Scott,(330) 372-9100
Allstate Insurance-Scott Ply,74 N Orange St # 100,Xenia,OH,45385,Pauley,Scott,(937) 376-4356
Allstate Insurance-Scott Stckr,1658 Mentor Ave,Painesville,OH,44077,Stecker,Scott,(440) 354-3633
Allstate Insurance-Scott Tatro,1570 Brittain Rd,Akron,OH,44310,Tatro,Scott,(330) 633-2444
Allstate Insurance-Sean J Cpr,1438 Som Center Rd # 100,Cleveland,OH,44124,Cooper,Sean J,(440) 449-1438
Allstate Insurance-Sharon Ayrs,8223 Brecksville Rd # 2,Cleveland,OH,44141,Ayers,Sharon,(440) 526-2233
Allstate Insurance-Sheppard,1053 State Route 28 # A,Milford,OH,45150,Sheppard,Sid,(513) 575-5000
Allstate Insurance-Sheryl,113 W National Rd,Englewood,OH,45322,Klepinger,Sheryl,(937) 771-0003
Allstate Insurance-Stan Martz,42 N Broadway St,Lebanon,OH,45036,Martz,Stan,(513) 934-2433
Allstate Insurance-Stephen,60 S Main St,Poland,OH,44514,Piersante,Stephen,(330) 707-1178
Allstate Insurance-Steve,1031 S Main St,Centerville,OH,45458,Fenstemaker,Steve,(937) 434-5242
Allstate Insurance-Steve,2159 W Dublin Granville Rd,Columbus,OH,43085,Greenwald,Steve,(614) 844-4422
Allstate Insurance-Steve,2224 Woodman Dr,Dayton,OH,45420,Fenstemaker,Steve,(937) 434-5242
Allstate Insurance-Steve,4949 Riverton Dr,Dayton,OH,45414,Fenstemaker,Steve,(937) 275-3001
Allstate Insurance-Steve Grr,169 W Fair Ave,Lancaster,OH,43130,Engelman,Lee,(740) 653-6714
Allstate Insurance-Steve Grr,12920 Stonecreek Dr # D,Pickerington,OH,43147,Day,Eric,(614) 522-0999
Allstate Insurance-Steve Keys,1039 N Main St,Bowling Green,OH,43402,Keys,Steve,(419) 352-4641
Allstate Insurance-Steve Lskny,2598 Columbus St,Grove City,OH,43123,Liskany,Steve,(614) 801-2091
Allstate Insurance-Steve Rgrs,25 S Central Ave,Fairborn,OH,45324,Rogers,Steve,(937) 878-8600
Allstate Insurance-Steven Hrrs,129 Easton St NE # 200,Canton,OH,44721,Harris,Steven,(330) 494-2350
Allstate Insurance-Steven Syll,7140 Cincinnati Dayton Rd,Liberty Twp,OH,45069,Sylla,Steven,(513) 755-0476
Allstate Insurance-Sue,4271 Hamilton Cleves Rd # 1,Fairfield,OH,45014,Mccandless,Sue,(513) 738-0538
Allstate Insurance-Susan,126 Harrison Ave,Harrison,OH,45030,Babler,Ed,(513) 367-4867
Allstate Insurance-Tamara,2243 Warrensville Center Rd,Cleveland,OH,44118,Johnson,Tamara,(216) 320-9501
Allstate Insurance-Tamara,5954 Renaissance Pl # C,Toledo,OH,43623,Thornton,Tamara,(419) 885-1066
Allstate Insurance-Tami Smith,927 Main St,Grafton,OH,44044,Smith,Tami,(440) 926-4050
Allstate Insurance-Tanya D,2490 Lee Blvd # 101,Cleveland,OH,44118,Howard-Grace,Tanya,(216) 371-2204
Allstate Insurance-Teresa C Pz,15105 Puritas Ave,Cleveland,OH,44135,Paez,Teresa,(216) 362-6526
Allstate Insurance-Thad Fidler,17016 Lorain Ave,Cleveland,OH,44111,Fidler,Thad,(216) 812-5413
Allstate Insurance-Thomas,724 S Union Ave,Alliance,OH,44601,Turnipseed,Thomas,(330) 823-0333
Allstate Insurance-Thomas,160 2nd St SW # A,Carrollton,OH,44615,Turnnitseed,Tom,(330) 627-3092
Allstate Insurance-Thomas,8897 Commerce Loop Dr,Columbus,OH,43240,Clarkson,Thomas,(614) 420-2600
Allstate Insurance-Thomas,1022 N Hamilton Rd,Gahanna,OH,43230,Laveer,Richard,(614) 939-4100
Allstate Insurance-Thomas A,312 Caldwell St,Piqua,OH,45356,Walter,Thomas,(937) 773-5431
Allstate Insurance-Thomas Wlsn,4450 Kenny Rd,Columbus,OH,43220,Wilson,Thomas,(614) 300-7779
Allstate Insurance-Thomas Wlsn,311 Stoneridge Ln,Gahanna,OH,43230,Wilson,Thomas,(614) 475-1234
Allstate Insurance-Thomas Wltr,1001 S Dorset Rd # C,Troy,OH,45373,Walter,Thomas,(937) 339-1190
Allstate Insurance-Tim Wyrstk,2008 N Holland Sylvania Rd,Toledo,OH,43615,Wyrostek,Tim,(419) 536-5100
Allstate Insurance-Todd Stvll,5669 Mahoning Ave # B,Youngstown,OH,44515,Stovall,Todd,(330) 792-2695
Allstate Insurance-Tolga Dmrl,1108 N High St,Columbus,OH,43201,Demirel,Tolga,(614) 300-3030
Allstate Insurance-Tolga Dmrl,1246 W 5th Ave,Columbus,OH,43212,Demirel,Tolga,(614) 932-2111
Allstate Insurance-Tom Dietz,7215 Sawmill Rd # 211,Dublin,OH,43016,Dietz,Tom,(614) 889-5251
Allstate Insurance-Tommy Brand,471 Wards Corner Rd # 300,Loveland,OH,45140,Brand,Tommy,(513) 453-4104
Allstate Insurance-Tonia Mxwll,11 E Main St,Norwalk,OH,44857,Maxwell,Tonia,(419) 668-8016
Allstate Insurance-Tonia Mxwll,4693 Liberty Ave,Vermilion,OH,44089,Breest,David D,(440) 822-3512
Allstate Insurance-Tony Cali,3390 Woodman Dr,Dayton,OH,45429,Cali,Tony,(937) 299-3557
Allstate Insurance-Tony Guzzo,29339 Euclid Ave,Wickliffe,OH,44092,Guzzo,Tony,(440) 347-0959
Allstate Insurance-Tony Peh,4169 State Route 122,Franklin,OH,45005,Peh,Tony,(513) 727-9760
Allstate Insurance-Tracey Btsn,1277 Maple Ave,Zanesville,OH,43701,Bateson,Tracey,(740) 455-2126
Allstate Insurance-Trevis A Dv,5310 E Main St # 204,Columbus,OH,43213,Davie,Trevis A,(614) 367-0291
Allstate Insurance-VA B,116 W Liberty St,Hubbard,OH,44425,Ottenberg,Virginia,(330) 534-0989
Allstate Insurance-Victor Gray,2896 W US Highway 22 And 3 # 6,Maineville,OH,45039,Gray,Victor,(513) 774-0666
Allstate Insurance-Victor Gray,7324 Kingsgate Way # C,West Chester,OH,45069,Gray,Victor,(513) 755-5550
Allstate Insurance-Wallberg,3986 N Hampton Dr,Powell,OH,43065,Wallberg,Gary,(614) 734-9880
Allstate Insurance-William Dnl,72 E Market St,Tiffin,OH,44883,Daniel,William,(419) 443-8301
Allstate Insurance-William Msn,8419 Snow Rd,Cleveland,OH,44129,Gentile-Bolzan,Nancy,(440) 842-9444
Allstate Insurance-William R,8833 Dayton Rd # 101,West Chester,OH,45069,Hensley,William,(513) 759-6050
Allstate Insurance-Wyler Ins,8950 Colerain Ave,Cincinnati,OH,45251,,,(513) 245-6888
Allstate-Rob Hyburg Agency,1105 Mount Vernon Ave,Marion,OH,43302,Hyberg,Robert,(740) 389-2368
American Family,145 N Sandusky Ave,Upper Sandusky,OH,43351,Gil,Luis,(419) 294-9834
American Family Insurance,15 Western Ave,Chillicothe,OH,45601,Wiley,Mark,(740) 779-1111
American Family Insurance,15705 Lorain Ave,Cleveland,OH,44111,Garcia,Janet,(216) 941-4400
American Family Insurance,115 N Sandusky Ave,Upper Sandusky,OH,43351,Gil,Louis,(419) 294-9834
Anthem Blue Cross Blue Shield,1351 William Howard Taft Rd,Cincinnati,OH,45206,,,(859) 282-7888
Anthem Blue Cross Blue Shield,8333 Rockside Rd # 200,Cleveland,OH,44125,,,(216) 642-0955
Anthem Blue Cross Blue Shield,37 W Broad St # 415,Columbus,OH,43215,,,(614) 221-4760
Anthem Blue Cross Blue Shield,1705 Indian Wood Cir,Maumee,OH,43537,,,(419) 891-4700
Anthem Blue Cross Blue Shield,,Miamisburg,OH,45342,Truman,Steve,(937) 847-0234
Anthem Blue Cross Blue Shield,2149 Stumbo Rd,Ontario,OH,44906,Huss,Brandy,(614) 433-8741
Bankers Life & Casualty Co,23509 Shurmer Dr,Cleveland,OH,44128,Stewart,Roger,(216) 337-6858
Benefits Network Insurance,4555 Lake Forest Dr # 510,Blue Ash,OH,45242,Di Ciero,Phil,(513) 247-2700
Bill Frederick Jr-State Farm,549 Cleveland St,Elyria,OH,44035,Frederick,Bill,(440) 365-4115
Blue Shield Health Care,4400 Mobile Dr # 112,Columbus,OH,43220,,,(614) 781-1301
Bogart Cunix & Assoc,5900 Landerbrook Dr # 201,Cleveland,OH,44124,Bogart,Jeffrey,(216) 292-8700
Bogart Cunix & Browning,5900 Landerbrook Dr # 201,Cleveland,OH,44124,Cunix,David L,(216) 292-8700
Clouse & Assoc,105 N Columbus St,Galion,OH,44833,Clouse,Bob,(419) 462-5511
Clouse & Assoc,PO Box 958,Galion,OH,44833,Clouse,Michael,(419) 462-5511
Commercial Financial Svc,458 High St NE # 1,Warren,OH,44481,Canzonetta,Fred J,(330) 394-8904
Community Insurance Co,1351 William Howard Taft Rd,Cincinnati,OH,45206,Houser,Dwane,(513) 475-2222
David Alder-Allstate Agent,263 W Main St,Ravenna,OH,44266,Alder,David,(330) 839-8971
Dennis O Smith Insurance,1116 Kemper Meadow Dr,Cincinnati,OH,45240,Smith,Dennis O,(513) 825-7201
Doug Mcdermott-State Farm Ins,18 S Perry St,Vandalia,OH,45377,Mcdermott,Doug,(937) 890-8484
Enthom Blue Shield Red Cross,833 Rockside Rd,Seven Hills,OH,44131,,,(216) 643-3370
Eoff Insurance Agency Inc,418 S Main St # 304,Findlay,OH,45840,Willeke,Nancy,(419) 422-1323
Farmers Insurance,3700 N Holland Sylvania Rd,Toledo,OH,43615,Hogan,Patrick,(419) 517-5579
Farmers Insurance-Gary Rsmssn,969 Reading Rd # G,Mason,OH,45040,Rasmussen,Gary,(513) 445-5045
Farmers Insurance-Rich Denny,110 E Central Ave # 112,Miamisburg,OH,45342,Denny,Richard G,(937) 866-9902
Farmers Insurance-Trent Shffr,405 W Liberty St # B,Wooster,OH,44691,Shaffer,Trent,(330) 345-7777
Fort Recovery Insurance,PO Box 599,Fort Recovery,OH,45846,Romer,Ted,(419) 375-4041
France & Assoc Inc,5921 N High St,Worthington,OH,43085,France,Larry E,(614) 888-8124
Gianna R Cone Insurance,1495 Morse Rd # 100,Columbus,OH,43229,Cone,Gianna R,(614) 267-7865
Gianna R Cone-State Farm Ins,1495 Morse Rd # 100,Columbus,OH,43229,Cone,Gianna,(614) 267-7865
Hartford Life Insurance Co,8044 Montgomery Rd # 565,Cincinnati,OH,45236,Manning,Steve,(513) 826-5050
Hummel Group Inc,PO Box 3,Orrville,OH,44667,Rohrer,Tony,(330) 683-1050
Jack Kelley & Assoc,5311 Leavitt Rd,Lorain,OH,44053,Kelley,Jack,(440) 282-8898
Jami Norman-Allstate Agent,325 S Sandusky St,Delaware,OH,43015,Norman,Jami,(740) 369-1791
John Dawson Insurance,6025 Cleveland Ave,Columbus,OH,43231,Dawson,John,(614) 890-1660
John Frey Agency-Allstate,5158 Cedar Village Dr # G,Mason,OH,45040,Frey,John,(513) 770-1090
John M Bosu Insurance Agency,34715 Vine St,Willowick,OH,44095,Bosu,John,(440) 954-9500
"Kelley, Dan",5311 Leavitt Rd,Lorain,OH,44053,Kelley,Dan,(440) 282-8898
"Kelley, Jack",5311 Leavitt Rd,Lorain,OH,44053,Kelley,Jack,(440) 282-8898
Lori Powell-State Farm Ins,1295 Fostoria Ave,Findlay,OH,45840,Powell,Lori,(419) 420-7700
Matt Rudolph-Allstate Agent,4937 W Broad St,Columbus,OH,43228,Rudolph,Matthew,(614) 556-4900
Mc Clure Insurance,182 N Breiel Blvd # A,Middletown,OH,45042,Mcclure,Mark D,(513) 423-7855
Mc Clure Insurance,182 N Breiel Blvd # A,Middletown,OH,45042,Mcclure,Mark D,(513) 423-7855
Mission & Stumm Insurance,1331 Conant St # 202,Maumee,OH,43537,Stumm,Derrick,(419) 794-5999
Nation Wide Health Properties,2800 Maple Ave,Zanesville,OH,43701,,,(740) 453-3999
Nationwide Insurance,130 S Sandusky Ave,Bucyrus,OH,44820,Schoch,Andrew,(419) 562-5520
Nationwide Insurance,602 South St # C-8,Chardon,OH,44024,Di Franco,Michael,(440) 285-9000
New York Life,91 Park Ave W # E,Mansfield,OH,44902,Freund,Tom,(419) 564-3001
Ohio Health Insurance Options,,Cleveland,OH,44114,,,(216) 373-1428
Ohio Health Insurance Options,,Dayton,OH,45402,,,(937) 558-5337
Ohio Health Insurance Options,,Maumee,OH,43537,,,(419) 740-5842
Parsons Insurance,490 Cleveland St,Elyria,OH,44035,Mc Loda,Sherrill,(440) 365-1681
Patrick Bruno Allstate Agent,4293 Manhattan Ave,Brunswick,OH,44212,Bruno,Patrick,(330) 220-1800
Pioneer Group,137 E Main St,Ravenna,OH,44266,Freborg Jr,Thomas,(330) 296-6710
Powell Insurance Inc,6029 Renaissance Pl # A,Toledo,OH,43623,Powell,David,(419) 882-1076
Randy Wagner-State Farm Ins,7243 Beechmont Ave,Cincinnati,OH,45230,Wagner,Randy,(513) 474-4100
Rob Martin & Assoc-Allstate,4613 Mahoning Ave NW,Warren,OH,44483,Lilly,Demi,(330) 847-0074
Roberts Insurance,105 W Waterloo St,Canal Winchester,OH,43110,Miller,Tanya,(614) 834-0373
Sales & Cahall Insurance Agcy,750 E State St,Georgetown,OH,45121,Sales,Max,(937) 378-6146
Sally Wilson-Allstate Agent,7330 Little Mountain Rd,Mentor,OH,44060,Wilson,Sally,(440) 205-9977
Sandy Diggs-State Farm Ins,PO Box 457,New Albany,OH,43054,Stotridge,Kim,(614) 855-1014
Scharer Insurance Inc,454 E Center St,Marion,OH,43302,Scharer,John,(740) 387-4311
Scott Bricker-Allstate Agent,155 E Columbus St # 105,Pickerington,OH,43147,Bricker,Scott,(614) 834-1400
Sheppard Insurance & Fncl LLC,10792 Kenwood Rd,Blue Ash,OH,45242,Sheppard,Sid,(513) 931-3300
Soller Insurance Agency,891 S James Rd,Columbus,OH,43227,Soller,George,(614) 235-2815
State Farm Insurance,500 Wessel Dr # 2d,Fairfield,OH,45014,Garland,Michael,(513) 829-6252
Taylor Agency,615 Riffel Rd # A,Wooster,OH,44691,Taylor,Dave,(330) 345-3536
Thomas Minor-ALLSTATE Agent,1007 Franklin St,Toronto,OH,43964,Minor,Thomas,(740) 537-1282
Tony Peh-Allstate Agent,4169 State Route 122,Franklin,OH,45005,Peh,Tony,(513) 727-9760
United Insurance Svc,PO Box 208,Upper Sandusky,OH,43351,Dickey,Scott,(419) 294-1327
Untd Comml Travelers America,956 Schmidlin Rd,Oregon,OH,43616,,,(419) 693-6310
Vaughan Agency,505 Mulberry Heights Rd,Pomeroy,OH,45769,Vaughan,Donald,(740) 992-9784
